Title,URL,Thumbnail_URL,Channel_Name,Channel_URL,Views,Upload_since,Discription
"1,000 Tanks Vs Titan Enderman!",https://www.youtube.com/watch?v=IyEBRZsLZc8,https://i.ytimg.com/vi/IyEBRZsLZc8/hqdefault.jpg?sqp=-oaymwEcCPYBEIoBSFXyq4qpAw4IARUAAIhCGAFwAcABBg==&rs=AOn4CLDFzbiUQeH6xQkCh1Mu9aFaenJebw,MrBeast Gaming,https://www.youtube.com/channel/UCIPPMRA040LQr5QPyJEbmXA,Gaming 3.4M,views 10 hours,Download Monster Legends now and get my monster! https://monsterlegends.onelink.me/X4Sc/March22 Monster Legends Social Media channels: Instagram: http://bit.ly/MLInstagramIMCM Discord: http://bit.l...
Airplane Stereotypes,https://www.youtube.com/watch?v=UoVNtD-0kTI,https://i.ytimg.com/vi/IyEBRZsLZc8/hqdefault.jpg?sqp=-oaymwEcCPYBEIoBSFXyq4qpAw4IARUAAIhCGAFwAcABBg==&rs=AOn4CLDFzbiUQeH6xQkCh1Mu9aFaenJebw,MrBeast Gaming,https://www.youtube.com/channel/UCIPPMRA040LQr5QPyJEbmXA,Gaming 3.4M,views 10 hours,Download Monster Legends now and get my monster! https://monsterlegends.onelink.me/X4Sc/March22 Monster Legends Social Media channels: Instagram: http://bit.ly/MLInstagramIMCM Discord: http://bit.l...
"The Game On Kanye West, Super Bowl Rumors, 50 Cent & G-Unit, Dr. Dre & More | Drink Champs",https://www.youtube.com/watch?v=utazi7YdJrY,https://i.ytimg.com/vi/IyEBRZsLZc8/hqdefault.jpg?sqp=-oaymwEcCPYBEIoBSFXyq4qpAw4IARUAAIhCGAFwAcABBg==&rs=AOn4CLDFzbiUQeH6xQkCh1Mu9aFaenJebw,MrBeast Gaming,https://www.youtube.com/channel/UCIPPMRA040LQr5QPyJEbmXA,Gaming 3.4M,views 10 hours,Download Monster Legends now and get my monster! https://monsterlegends.onelink.me/X4Sc/March22 Monster Legends Social Media channels: Instagram: http://bit.ly/MLInstagramIMCM Discord: http://bit.l...
I Survived 50 Hours in 2D,https://www.youtube.com/watch?v=KHfESarp3aU,https://i.ytimg.com/vi/IyEBRZsLZc8/hqdefault.jpg?sqp=-oaymwEcCPYBEIoBSFXyq4qpAw4IARUAAIhCGAFwAcABBg==&rs=AOn4CLDFzbiUQeH6xQkCh1Mu9aFaenJebw,MrBeast Gaming,https://www.youtube.com/channel/UCIPPMRA040LQr5QPyJEbmXA,Gaming 3.4M,views 10 hours,Download Monster Legends now and get my monster! https://monsterlegends.onelink.me/X4Sc/March22 Monster Legends Social Media channels: Instagram: http://bit.ly/MLInstagramIMCM Discord: http://bit.l...
So I Tried Gamebreaking Mods For Minecraft...,https://www.youtube.com/watch?v=9VQErRAA9Ns,https://i.ytimg.com/vi/IyEBRZsLZc8/hqdefault.jpg?sqp=-oaymwEcCPYBEIoBSFXyq4qpAw4IARUAAIhCGAFwAcABBg==&rs=AOn4CLDFzbiUQeH6xQkCh1Mu9aFaenJebw,MrBeast Gaming,https://www.youtube.com/channel/UCIPPMRA040LQr5QPyJEbmXA,Gaming 3.4M,views 10 hours,Download Monster Legends now and get my monster! https://monsterlegends.onelink.me/X4Sc/March22 Monster Legends Social Media channels: Instagram: http://bit.ly/MLInstagramIMCM Discord: http://bit.l...
"FIRST TO BREAK INTO THE SAFE WINS $10,000",https://www.youtube.com/watch?v=4bTie6VTKig,https://i.ytimg.com/vi/IyEBRZsLZc8/hqdefault.jpg?sqp=-oaymwEcCPYBEIoBSFXyq4qpAw4IARUAAIhCGAFwAcABBg==&rs=AOn4CLDFzbiUQeH6xQkCh1Mu9aFaenJebw,MrBeast Gaming,https://www.youtube.com/channel/UCIPPMRA040LQr5QPyJEbmXA,Gaming 3.4M,views 10 hours,Download Monster Legends now and get my monster! https://monsterlegends.onelink.me/X4Sc/March22 Monster Legends Social Media channels: Instagram: http://bit.ly/MLInstagramIMCM Discord: http://bit.l...
STOP MAKING STUFF UP ABOUT ME,https://www.youtube.com/watch?v=EplQ_-qgYck,https://i.ytimg.com/vi/IyEBRZsLZc8/hqdefault.jpg?sqp=-oaymwEcCPYBEIoBSFXyq4qpAw4IARUAAIhCGAFwAcABBg==&rs=AOn4CLDFzbiUQeH6xQkCh1Mu9aFaenJebw,MrBeast Gaming,https://www.youtube.com/channel/UCIPPMRA040LQr5QPyJEbmXA,Gaming 3.4M,views 10 hours,Download Monster Legends now and get my monster! https://monsterlegends.onelink.me/X4Sc/March22 Monster Legends Social Media channels: Instagram: http://bit.ly/MLInstagramIMCM Discord: http://bit.l...
RESIDENTE || BZRP Music Sessions #49,https://www.youtube.com/watch?v=HO73gUhiYe0,https://i.ytimg.com/vi/IyEBRZsLZc8/hqdefault.jpg?sqp=-oaymwEcCPYBEIoBSFXyq4qpAw4IARUAAIhCGAFwAcABBg==&rs=AOn4CLDFzbiUQeH6xQkCh1Mu9aFaenJebw,MrBeast Gaming,https://www.youtube.com/channel/UCIPPMRA040LQr5QPyJEbmXA,Gaming 3.4M,views 10 hours,Download Monster Legends now and get my monster! https://monsterlegends.onelink.me/X4Sc/March22 Monster Legends Social Media channels: Instagram: http://bit.ly/MLInstagramIMCM Discord: http://bit.l...
If I Die Minecraft Gets More Realistic...,https://www.youtube.com/watch?v=1HxLUV_6r48,https://i.ytimg.com/vi/IyEBRZsLZc8/hqdefault.jpg?sqp=-oaymwEcCPYBEIoBSFXyq4qpAw4IARUAAIhCGAFwAcABBg==&rs=AOn4CLDFzbiUQeH6xQkCh1Mu9aFaenJebw,MrBeast Gaming,https://www.youtube.com/channel/UCIPPMRA040LQr5QPyJEbmXA,Gaming 3.4M,views 10 hours,Download Monster Legends now and get my monster! https://monsterlegends.onelink.me/X4Sc/March22 Monster Legends Social Media channels: Instagram: http://bit.ly/MLInstagramIMCM Discord: http://bit.l...
SMG4: If Mario Was In... ROBLOX,https://www.youtube.com/watch?v=W9ft0gW6oW4,https://i.ytimg.com/vi/IyEBRZsLZc8/hqdefault.jpg?sqp=-oaymwEcCPYBEIoBSFXyq4qpAw4IARUAAIhCGAFwAcABBg==&rs=AOn4CLDFzbiUQeH6xQkCh1Mu9aFaenJebw,MrBeast Gaming,https://www.youtube.com/channel/UCIPPMRA040LQr5QPyJEbmXA,Gaming 3.4M,views 10 hours,Download Monster Legends now and get my monster! https://monsterlegends.onelink.me/X4Sc/March22 Monster Legends Social Media channels: Instagram: http://bit.ly/MLInstagramIMCM Discord: http://bit.l...
